Old URL (pineapplecontractors.com),New URL (pineappleroofingllc.com),Status,Priority,Notes
https://www.pineapplecontractors.com/,https://pineappleroofingllc.com/,LIVE,1,Homepage 301
https://www.pineapplecontractors.com/insurance-claims/,https://pineappleroofingllc.com/roof-insurance-claims-help-in-dfw-pineapple-contractors/,LIVE,1,New page exists
https://www.pineapplecontractors.com/financing/,https://pineappleroofingllc.com/roof-financing-in-dfw-full-restoration-coverage-pineapple-contractors/,LIVE,1,New page exists
https://www.pineapplecontractors.com/service-areas/,https://pineappleroofingllc.com/service-areas-roofing-across-dallas-fort-worth-pineapple-contractors/,LIVE,1,New page exists
https://www.pineapplecontractors.com/contact-us/,https://pineappleroofingllc.com/contact-pineapple-contractors-roofing-in-frisco-dfw-972-928-0788/,LIVE,1,New page exists
https://www.pineapplecontractors.com/construction-services/,https://pineappleroofingllc.com/construction-remodeling-services-in-dfw-pineapple-contractors/,LIVE,2,New page exists
https://www.pineapplecontractors.com/restoration-services/,https://pineappleroofingllc.com/restoration-services-in-dfw-water-fire-mold-storm-pineapple-contractors/,LIVE,2,Consider linking to pineapplerestorations.com
https://www.pineapplecontractors.com/roofing-services/residential-roofing/,https://pineappleroofingllc.com/services/roof-replacement-dallas-tx/,LIVE,1,Residential -> roof replacement
https://www.pineapplecontractors.com/roofing-services/leak-repair/,https://pineappleroofingllc.com/services/roof-repair-dallas-tx/,LIVE,1,Leak repair -> roof repair
https://www.pineapplecontractors.com/construction-services/emergency-roof-repairs/,https://pineappleroofingllc.com/services/storm-damage-repair-dallas-tx/,LIVE,1,Emergency -> storm damage
https://www.pineapplecontractors.com/roofing-services/residential-roofing/gutter-installation-repair/,https://pineappleroofingllc.com/services/gutter-installation-dallas-tx/,LIVE,2,Gutters
https://www.pineapplecontractors.com/construction-services/new-construction/siding-services/,https://pineappleroofingllc.com/services/siding-installation-dallas-tx/,LIVE,2,Siding
https://www.pineapplecontractors.com/blog/,https://pineappleroofingllc.com/blog/,LIVE,2,Blog
https://www.pineapplecontractors.com/reviews/,https://pineappleroofingllc.com/#reviews,LIVE,2,Reviews anchor
https://www.pineapplecontractors.com/about/,https://pineappleroofingllc.com/#about,LIVE,2,About anchor (build /about/ if desired)
https://www.pineapplecontractors.com/faq/,https://pineappleroofingllc.com/#faq,LIVE,2,FAQ anchor
https://www.pineapplecontractors.com/roofing-services/commercial-roofing/,https://pineappleroofingllc.com/locations/commercial-roofing-dfw/,BUILD,2,Build commercial page
https://www.pineapplecontractors.com/roofing-services/tpo-roofing/,https://pineappleroofingllc.com/services/tpo-roofing-dfw/,BUILD,3,Build TPO page
https://www.pineapplecontractors.com/roofing-services/pvc-roofing/,https://pineappleroofingllc.com/services/pvc-roofing-dfw/,BUILD,3,Build PVC page
https://www.pineapplecontractors.com/roofing-services/shingle-roofing/,https://pineappleroofingllc.com/services/shingle-roofing-dfw/,BUILD,3,Build shingle page
https://www.pineapplecontractors.com/service-areas/collin-county-tx/frisco/,https://pineappleroofingllc.com/locations/frisco-tx/,BUILD,1,Top city
https://www.pineapplecontractors.com/service-areas/collin-county-tx/frisco/roof-replacement/,https://pineappleroofingllc.com/locations/frisco-tx/,BUILD,1,Sub -> city page (or build sub)
https://www.pineapplecontractors.com/service-areas/collin-county-tx/mckinney/,https://pineappleroofingllc.com/locations/mckinney-tx/,BUILD,1,Top city
https://www.pineapplecontractors.com/service-areas/collin-county-tx/allen/,https://pineappleroofingllc.com/locations/allen-tx/,BUILD,1,Top city
https://www.pineapplecontractors.com/service-areas/collin-county-tx/plano/,https://pineappleroofingllc.com/locations/plano-tx/,BUILD,1,Top city
https://www.pineapplecontractors.com/service-areas/collin-county-tx/prosper/,https://pineappleroofingllc.com/locations/prosper-tx/,BUILD,2,City
https://www.pineapplecontractors.com/service-areas/collin-county-tx/celina/,https://pineappleroofingllc.com/locations/celina-tx/,BUILD,2,City
https://www.pineapplecontractors.com/service-areas/collin-county-tx/melissa/,https://pineappleroofingllc.com/locations/melissa-tx/,BUILD,2,City
https://www.pineapplecontractors.com/service-areas/denton-county-tx/lewisville/,https://pineappleroofingllc.com/locations/lewisville-tx/,BUILD,1,HQ city
https://www.pineapplecontractors.com/service-areas/denton-county-tx/the-colony/,https://pineappleroofingllc.com/locations/the-colony-tx/,BUILD,1,City
https://www.pineapplecontractors.com/service-areas/denton-county-tx/flower-mound/,https://pineappleroofingllc.com/locations/flower-mound-tx/,BUILD,1,City
https://www.pineapplecontractors.com/service-areas/denton-county-tx/denton/,https://pineappleroofingllc.com/locations/denton-tx/,BUILD,2,City
https://www.pineapplecontractors.com/service-areas/denton-county-tx/little-elm/,https://pineappleroofingllc.com/locations/little-elm-tx/,BUILD,2,City
https://www.pineapplecontractors.com/service-areas/tarrant-county-tx/fort-worth/,https://pineappleroofingllc.com/locations/fort-worth-tx/,BUILD,1,Major city
https://www.pineapplecontractors.com/service-areas/tarrant-county-tx/arlington/,https://pineappleroofingllc.com/locations/arlington-tx/,BUILD,1,Major city
https://www.pineapplecontractors.com/service-areas/tarrant-county-tx/grapevine/,https://pineappleroofingllc.com/locations/grapevine-tx/,BUILD,2,City
https://www.pineapplecontractors.com/service-areas/tarrant-county-tx/southlake/,https://pineappleroofingllc.com/locations/southlake-tx/,BUILD,2,Affluent city
https://www.pineapplecontractors.com/service-areas/tarrant-county-tx/keller/,https://pineappleroofingllc.com/locations/keller-tx/,BUILD,2,City
https://www.pineapplecontractors.com/service-areas/tarrant-county-tx/colleyville/,https://pineappleroofingllc.com/locations/colleyville-tx/,BUILD,2,Affluent city
https://www.pineapplecontractors.com/service-areas/dallas-county-tx/dallas/,https://pineappleroofingllc.com/locations/dallas-tx/,BUILD,1,Major city
https://www.pineapplecontractors.com/service-areas/dallas-county-tx/irving/,https://pineappleroofingllc.com/locations/irving-tx/,BUILD,1,City
https://www.pineapplecontractors.com/service-areas/dallas-county-tx/garland/,https://pineappleroofingllc.com/locations/garland-tx/,BUILD,2,City
https://www.pineapplecontractors.com/service-areas/rockwall-county-tx/rockwall/,https://pineappleroofingllc.com/locations/rockwall-tx/,BUILD,2,City
