/,https://www.pineapplecontractors.com/,0,301,url
/about/,https://www.pineapplecontractors.com/about/,0,301,url
/insurance-claims/,https://www.pineapplecontractors.com/roof-insurance-claims-help-in-dfw-pineapple-contractors/,0,301,url
/financing/,https://www.pineapplecontractors.com/roof-financing-in-dfw-full-restoration-coverage-pineapple-contractors/,0,301,url
/reviews/,https://www.pineapplecontractors.com/reviews/,0,301,url
/contact-us/,https://www.pineapplecontractors.com/contact-pineapple-contractors-roofing-in-frisco-dfw-972-928-0788/,0,301,url
/faq/,https://www.pineapplecontractors.com/faq/,0,301,url
/roofing-services/residential-roofing/,https://www.pineapplecontractors.com/services/residential-roofing-dfw/,0,301,url
/roofing-services/commercial-roofing/,https://www.pineapplecontractors.com/services/commercial-roofing-dfw/,0,301,url
/roofing-services/roof-installation/,https://www.pineapplecontractors.com/services/roof-installation-dfw/,0,301,url
/roofing-services/leak-repair/,https://www.pineapplecontractors.com/services/roof-repair-dallas-tx/,0,301,url
/roofing-services/shingle-roofing/,https://www.pineapplecontractors.com/services/shingle-roofing-dfw/,0,301,url
/roofing-services/tpo-roofing/,https://www.pineapplecontractors.com/services/tpo-roofing-dfw/,0,301,url
/roofing-services/pvc-roofing/,https://www.pineapplecontractors.com/services/pvc-roofing-dfw/,0,301,url
/roofing-services/commercial-roofing/metal-roofing/,https://www.pineapplecontractors.com/services/metal-roofing-dfw/,0,301,url
/roofing-services/commercial-roofing/tile-roofing/,https://www.pineapplecontractors.com/services/tile-roofing-dfw/,0,301,url
/roofing-services/commercial-roofing/slate-roofing/,https://www.pineapplecontractors.com/services/slate-roofing-dfw/,0,301,url
/roofing-services/residential-roofing/gutter-installation-repair/,https://www.pineapplecontractors.com/services/gutter-installation-dallas-tx/,0,301,url
/roofing-services/residential-roofing/sheet-metal-services/,https://www.pineapplecontractors.com/services/sheet-metal-services-dfw/,0,301,url
/construction-services/emergency-roof-repairs/,https://www.pineapplecontractors.com/services/storm-damage-repair-dallas-tx/,0,301,url
/service-areas/collin-county-tx/frisco/,https://www.pineapplecontractors.com/locations/frisco-tx/,0,301,url
/service-areas/collin-county-tx/frisco/roof-replacement/,https://www.pineapplecontractors.com/locations/frisco-tx/,0,301,url
/service-areas/collin-county-tx/plano/,https://www.pineapplecontractors.com/locations/plano-tx/,0,301,url
/service-areas/collin-county-tx/plano/roof-replacement/,https://www.pineapplecontractors.com/locations/plano-tx/,0,301,url
/service-areas/collin-county-tx/mckinney/,https://www.pineapplecontractors.com/locations/mckinney-tx/,0,301,url
/service-areas/collin-county-tx/mckinney/roof-replacement/,https://www.pineapplecontractors.com/locations/mckinney-tx/,0,301,url
/service-areas/collin-county-tx/allen/,https://www.pineapplecontractors.com/locations/allen-tx/,0,301,url
/service-areas/collin-county-tx/allen/roof-replacement/,https://www.pineapplecontractors.com/locations/allen-tx/,0,301,url
/service-areas/denton-county-tx/lewisville/,https://www.pineapplecontractors.com/locations/lewisville-tx/,0,301,url
/service-areas/denton-county-tx/the-colony/,https://www.pineapplecontractors.com/locations/the-colony-tx/,0,301,url
/service-areas/denton-county-tx/flower-mound/,https://www.pineapplecontractors.com/locations/flower-mound-tx/,0,301,url
/service-areas/denton-county-tx/denton/,https://www.pineapplecontractors.com/locations/denton-tx/,0,301,url
/service-areas/denton-county-tx/little-elm/,https://www.pineapplecontractors.com/locations/little-elm-tx/,0,301,url
/service-areas/tarrant-county-tx/fort-worth/,https://www.pineapplecontractors.com/locations/fort-worth-tx/,0,301,url
/service-areas/tarrant-county-tx/arlington/,https://www.pineapplecontractors.com/locations/arlington-tx/,0,301,url
/service-areas/dallas-county-tx/dallas/,https://www.pineapplecontractors.com/locations/dallas-tx/,0,301,url
/service-areas/dallas-county-tx/irving/,https://www.pineapplecontractors.com/locations/irving-tx/,0,301,url
