"SizeMB","SizeGB","Name","FullName"
"1439.4","1.406","OneDrive_2023-08-24.zip","C:\Users\estim\Downloads\OneDrive_2023-08-24.zip"
"1036.8","1.012","Ant - Reels-20260325T160923Z-1-001.zip","C:\Users\estim\Downloads\Ant - Reels-20260325T160923Z-1-001.zip"
"1019.4","0.995","Ulta _94 - The Shops at North East Mall - Hurst, TX.zip","C:\Users\estim\Downloads\Ulta _94 - The Shops at North East Mall - Hurst, TX.zip"
"768.6","0.751","QbkkykEtCOWx_1697463095.zip","C:\Users\estim\Downloads\QbkkykEtCOWx_1697463095.zip"
"708.5","0.692","Duwest Retail.zip","C:\Users\estim\Downloads\Duwest Retail.zip"
"696.9","0.681","PLANO ISD_WILLIAMS HIGH SCHOOL ___INVITATION TO BID___.zip","C:\Users\estim\Downloads\PLANO ISD_WILLIAMS HIGH SCHOOL ___INVITATION TO BID___.zip"
"633.6","0.619","CROWLEY ISD - CROWLEY ES _17  - CMAR BID.zip","C:\Users\estim\Downloads\CROWLEY ISD - CROWLEY ES _17  - CMAR BID.zip"
"592.7","0.579","BidFiles_1702410507798.zip","C:\Users\estim\Downloads\BidFiles_1702410507798.zip"
"563.1","0.55","Melissa ISD Middle School _2 - 100_ CD_s.zip","C:\Users\estim\Downloads\Melissa ISD Middle School _2 - 100_ CD_s.zip"
"499.8","0.488","DISD VICTOR H. HEXTER ELEMENTARY SCHOOL - NEW CONSTRUCTION.zip","C:\Users\estim\Downloads\DISD VICTOR H. HEXTER ELEMENTARY SCHOOL - NEW CONSTRUCTION.zip"
"455.3","0.445","Dallas - Arapaho Club Studio.zip","C:\Users\estim\Downloads\Dallas - Arapaho Club Studio.zip"
"430.7","0.421","Tyler Assisted Living Apartments.zip","C:\Users\estim\Downloads\Tyler Assisted Living Apartments.zip"
"409.2","0.4","Transfer.zip","C:\Users\estim\Downloads\Transfer.zip"
"349.6","0.341","AutoNation - Denton, Tx.zip","C:\Users\estim\Downloads\AutoNation - Denton, Tx.zip"
"348.6","0.34","Speedway Phase 3.zip","C:\Users\estim\Downloads\Speedway Phase 3.zip"
"337","0.329","Streamliner 87th.zip","C:\Users\estim\Downloads\Streamliner 87th.zip"
"321.1","0.314","CITY OF ALEDO MUNICIPAL COMPLEX - CMAR BID.zip","C:\Users\estim\Downloads\CITY OF ALEDO MUNICIPAL COMPLEX - CMAR BID.zip"
"301.6","0.295","1.01.24 The Houseman Building Dallas Permit Set.zip","C:\Users\estim\Downloads\1.01.24 The Houseman Building Dallas Permit Set.zip"
"299.9","0.293","Discovery-Village-Castle-Hills_-_Drawings (1).zip","C:\Users\estim\Downloads\Discovery-Village-Castle-Hills_-_Drawings (1).zip"
"299.3","0.292","GoogleDriveSetup.exe","C:\Users\estim\Downloads\GoogleDriveSetup.exe"
"286.7","0.28","Brock ISD - New Elementary School - CMAR.zip","C:\Users\estim\Downloads\Brock ISD - New Elementary School - CMAR.zip"
"284.2","0.278","2023-06-23 Bid Issue.pdf","C:\Users\estim\Downloads\2023-06-23 Bid Issue.pdf"
"271.9","0.265","CITY OF WILMER - NEW POLICE DEPT AND PUBLIC WORKS  - CMAR BID.zip","C:\Users\estim\Downloads\CITY OF WILMER - NEW POLICE DEPT AND PUBLIC WORKS  - CMAR BID.zip"
"263.3","0.257","uVN5mhJ8LNpb_1701180398.zip","C:\Users\estim\Downloads\uVN5mhJ8LNpb_1701180398.zip"
"260.8","0.255","dI3Mxd0AYLpQ_1704725956.zip","C:\Users\estim\Downloads\dI3Mxd0AYLpQ_1704725956.zip"
"260","0.254","Accio-0.5.6-beta-20260405-2014-win_4c358364.exe","C:\Users\estim\Downloads\Accio-0.5.6-beta-20260405-2014-win_4c358364.exe"
"250.5","0.245","00000871.sst","C:\Users\estim\Downloads\agent-os-pack-extracted\agent-os\source\.next\dev\cache\turbopack\ee6e79b1\00000871.sst"
"249.1","0.243","00000642.sst","C:\Users\estim\Downloads\agent-os-pack-extracted\agent-os\source\.next\dev\cache\turbopack\ee6e79b1\00000642.sst"
"248.6","0.243","00000529.sst","C:\Users\estim\Downloads\agent-os-pack-extracted\agent-os\source\.next\dev\cache\turbopack\ee6e79b1\00000529.sst"
"247.9","0.242","10ylx9dtnwtg_1702044613.zip","C:\Users\estim\Downloads\10ylx9dtnwtg_1702044613.zip"
"246.7","0.241","ChuysHudsonOaksBidSet11823.pdf","C:\Users\estim\Downloads\ChuysHudsonOaksBidSet11823.pdf"
"245.2","0.239","00000424.sst","C:\Users\estim\Downloads\agent-os-pack-extracted\agent-os\source\.next\dev\cache\turbopack\ee6e79b1\00000424.sst"
"244.8","0.239","00000646.sst","C:\Users\estim\Downloads\agent-os-pack-extracted\agent-os\source\.next\dev\cache\turbopack\ee6e79b1\00000646.sst"
"244.3","0.239","00000503.sst","C:\Users\estim\Downloads\agent-os-pack-extracted\agent-os\source.bak-20260629_155812\.next\dev\cache\turbopack\ee6e79b1\00000503.sst"
"243.8","0.238","00000590.sst","C:\Users\estim\Downloads\agent-os-pack-extracted\agent-os\source.bak-20260629_155812\.next\dev\cache\turbopack\ee6e79b1\00000590.sst"
"243.8","0.238","00000595.sst","C:\Users\estim\Downloads\agent-os-pack-extracted\agent-os\source.bak-20260629_155812\.next\dev\cache\turbopack\ee6e79b1\00000595.sst"
"243.7","0.238","Veterinary Emergency Group - Frisco, TX.zip","C:\Users\estim\Downloads\Veterinary Emergency Group - Frisco, TX.zip"
"243.5","0.238","00000352.sst","C:\Users\estim\Downloads\agent-os-pack-extracted\agent-os\source\.next\dev\cache\turbopack\ee6e79b1\00000352.sst"
"235.6","0.23","CityofAnnaLibraryPermit_BidSet.pdf","C:\Users\estim\Downloads\CityofAnnaLibraryPermit_BidSet.pdf"
"231.4","0.226","Gateway Travel Plaza - Victron Energy - Venus, TX.zip","C:\Users\estim\Downloads\Gateway Travel Plaza - Victron Energy - Venus, TX.zip"
"224.6","0.219","Gateway Travel Plaza of Venus.zip","C:\Users\estim\Downloads\Gateway Travel Plaza of Venus.zip"
"223.1","0.218","Caliber Car Wash - Rowlett, TX.zip","C:\Users\estim\Downloads\Caliber Car Wash - Rowlett, TX.zip"
"221.4","0.216","Plans.zip","C:\Users\estim\Downloads\Plans.zip"
"218.2","0.213","Antigravity IDE.exe","C:\Users\estim\Downloads\Antigravity IDE.exe"
"214.4","0.209","Hampton Inn _ Suites DFW Airport.zip","C:\Users\estim\Downloads\Hampton Inn _ Suites DFW Airport.zip"
"213.5","0.208","Tesla- Ft. Worth.zip","C:\Users\estim\Downloads\Tesla- Ft. Worth.zip"
"211.3","0.206","Caliber Car Wash - Crossroads.zip","C:\Users\estim\Downloads\Caliber Car Wash - Crossroads.zip"
"210.6","0.206","NbgOh7svdW7O_1705500377.zip","C:\Users\estim\Downloads\NbgOh7svdW7O_1705500377.zip"
"207.9","0.203","Sprouts Farmers Market - Dallas, TX.zip","C:\Users\estim\Downloads\Sprouts Farmers Market - Dallas, TX.zip"
"207.3","0.202","Heartland Dental - Celina, TX.zip","C:\Users\estim\Downloads\Heartland Dental - Celina, TX.zip"
